﻿#TYPE Selected.System.Management.Automation.PSCustomObject
"groupType","name","member","whenChanged"
"Domain local","Administrators","Domain Admins;Enterprise Admins;Administrator","20240419065844.0Z"
"Domain local","Users","Domain Users;S-1-5-11;S-1-5-4","20240419064334.0Z"
"Domain local","Guests","Domain Guests;Guest","20240419064334.0Z"
"Domain local","Print Operators","","20240419065844.0Z"
"Domain local","Backup Operators","","20240419065844.0Z"
"Domain local","Replicator","","20240419065844.0Z"
"Domain local","Remote Desktop Users","","20240419064232.0Z"
"Domain local","Network Configuration Operators","","20240419064232.0Z"
"Domain local","Performance Monitor Users","","20240419064232.0Z"
"Domain local","Performance Log Users","","20240419064232.0Z"
"Domain local","Distributed COM Users","","20240419064232.0Z"
"Domain local","IIS_IUSRS","","20240419092820.0Z"
"Domain local","Cryptographic Operators","","20240419064232.0Z"
"Domain local","Event Log Readers","","20240419064232.0Z"
"Domain local","Certificate Service DCOM Access","","20240419064232.0Z"
"Domain local","RDS Remote Access Servers","","20240419064232.0Z"
"Domain local","RDS Endpoint Servers","","20240419064232.0Z"
"Domain local","RDS Management Servers","","20240419064232.0Z"
"Domain local","Hyper-V Administrators","","20240419064232.0Z"
"Domain local","Access Control Assistance Operators","","20240419064232.0Z"
"Domain local","Remote Management Users","","20240419064232.0Z"
"Domain local","Storage Replica Administrators","","20240419064232.0Z"
"Global","Domain Computers","","20240419064334.0Z"
"Global","Domain Controllers","","20240419065844.0Z"
"Univesal","Schema Admins","Administrator","20240419065844.0Z"
"Univesal","Enterprise Admins","Administrator","20240419065844.0Z"
"Domain Local","Cert Publishers","","20240419064334.0Z"
"Global","Domain Admins","Admin Billy Gator Afdelinger;Administrator","20240419084032.0Z"
"Global","Domain Users","","20240419064334.0Z"
"Global","Domain Guests","","20240419064334.0Z"
"Global","Group Policy Creator Owners","Administrator","20240419064334.0Z"
"Domain Local","RAS and IAS Servers","","20240419064334.0Z"
"Domain local","Server Operators","","20240419065844.0Z"
"Domain local","Account Operators","","20240419065844.0Z"
"Domain local","Pre-Windows 2000 Compatible Access","S-1-5-11","20240419064334.0Z"
"Domain local","Incoming Forest Trust Builders","","20240419064334.0Z"
"Domain local","Windows Authorization Access Group","S-1-5-9","20240419064334.0Z"
"Domain local","Terminal Server License Servers","","20240419064334.0Z"
"Domain Local","Allowed RODC Password Replication Group","","20240419064334.0Z"
"Domain Local","Denied RODC Password Replication Group","Read-only Domain Controllers;Group Policy Creator Owners;Domain Admins;Cert Publishers;Enterprise Admins;Schema Admins;Domain Controllers;krbtgt","20240419064334.0Z"
"Global","Read-only Domain Controllers","","20240419065844.0Z"
"Univesal","Enterprise Read-only Domain Controllers","","20240419064334.0Z"
"Global","Cloneable Domain Controllers","","20240419064334.0Z"
"Global","Protected Users","","20240419064334.0Z"
"Global","Key Admins","","20240419065844.0Z"
"Univesal","Enterprise Key Admins","","20240419065844.0Z"
"Domain Local","DnsAdmins","","20240419064414.0Z"
"Global","DnsUpdateProxy","","20240419064414.0Z"
"Domain Local","DHCP Users","","20240419064952.0Z"
"Domain Local","DHCP Administrators","","20240419064952.0Z"
"Global","G_IT","Billy Gator Afdelinger","20240419075635.0Z"
"Domain Local","DL_IT_R","","20240419075547.0Z"
"Domain Local","DL_IT_M","G_IT Afdelinger","20240419075612.0Z"
"Domain Local","DL_Udlån_M","G_Udlånån","20240419075827.0Z"
"Domain Local","DL_Udlån_R","","20240419075722.0Z"
"Global","G_Udlån","Johannes Petersenån","20240419075827.0Z"
"Global","G_Direktion","Sanjay Shah","20240419075939.0Z"
"Domain Local","DL_Direktion_M","G_Direktion","20240419075939.0Z"
"Domain Local","DL_Direktion_R","","20240419075908.0Z"
"Global","G_Indlån","Thomas Borgenån","20240419080121.0Z"
"Domain Local","DL_Indlån_M","G_Indlånån","20240419080121.0Z"
"Domain Local","DL_Indlån_R","","20240419080023.0Z"
"Global","G_IT studentermedhjælper","Malou Aamund Studentermedhjælper","20240419080511.0Z"
"Domain Local","DL_IT studentermedhjælper_M","G_IT studentermedhjælper Studentermedhjælper","20240419080511.0Z"
"Domain Local","DL_IT studentermedhjælper_R","","20240419080447.0Z"
"Global","G_ProjektLaundry","Thomas Borgenån;Johannes Petersenån","20240419082512.0Z"
"Domain Local","DL_ProjektLaundry_M","G_ProjektLaundry","20240419082512.0Z"
"Domain Local","DL_ProjektLaundry_R","G_IT Afdelinger","20240419083359.0Z"
"Global","G_ProjektTaxevation","Sanjay Shah;Thomas Borgenån","20240419082738.0Z"
"Domain Local","DL_ProjektTaxevation_M","G_ProjektTaxevation","20240419082752.0Z"
"Domain Local","DL_ProjektTexavation_R","G_IT Afdelinger","20240419083359.0Z"


