﻿#TYPE Selected.System.Management.Automation.PSCustomObject
"groupType","name","member","whenChanged"
"Domain local","Administrators","Domain Admins;Enterprise Admins;Administrator","20240419065844.0Z"
"Domain local","Users","Domain Users;S-1-5-11;S-1-5-4","20240419064334.0Z"
"Domain local","Guests","Domain Guests;Guest","20240419064334.0Z"
"Univesal","Schema Admins","Administrator","20240419065844.0Z"
"Univesal","Enterprise Admins","Administrator","20240419065844.0Z"
"Global","Domain Admins","Admin Billy Gator Afdelinger;Administrator","20240419084032.0Z"
"Global","Group Policy Creator Owners","Administrator","20240419064334.0Z"
"Domain local","Pre-Windows 2000 Compatible Access","S-1-5-11","20240419064334.0Z"
"Domain local","Windows Authorization Access Group","S-1-5-9","20240419064334.0Z"
"Domain Local","Denied RODC Password Replication Group","Read-only Domain Controllers;Group Policy Creator Owners;Domain Admins;Cert Publishers;Enterprise Admins;Schema Admins;Domain Controllers;krbtgt","20240419064334.0Z"
"Global","G_IT","Billy Gator Afdelinger","20240419075635.0Z"
"Domain Local","DL_IT_M","G_IT Afdelinger","20240419075612.0Z"
"Domain Local","DL_Udlån_M","G_Udlånån","20240419075827.0Z"
"Global","G_Udlån","Johannes Petersenån","20240419075827.0Z"
"Global","G_Direktion","Sanjay Shah","20240419075939.0Z"
"Domain Local","DL_Direktion_M","G_Direktion","20240419075939.0Z"
"Global","G_Indlån","Thomas Borgenån","20240419080121.0Z"
"Domain Local","DL_Indlån_M","G_Indlånån","20240419080121.0Z"
"Global","G_IT studentermedhjælper","Malou Aamund Studentermedhjælper","20240419080511.0Z"
"Domain Local","DL_IT studentermedhjælper_M","G_IT studentermedhjælper Studentermedhjælper","20240419080511.0Z"
"Global","G_ProjektLaundry","Thomas Borgenån;Johannes Petersenån","20240419082512.0Z"
"Domain Local","DL_ProjektLaundry_M","G_ProjektLaundry","20240419082512.0Z"
"Domain Local","DL_ProjektLaundry_R","G_IT Afdelinger","20240419083359.0Z"
"Global","G_ProjektTaxevation","Sanjay Shah;Thomas Borgenån","20240419082738.0Z"
"Domain Local","DL_ProjektTaxevation_M","G_ProjektTaxevation","20240419082752.0Z"
"Domain Local","DL_ProjektTexavation_R","G_IT Afdelinger","20240419083359.0Z"
