﻿#TYPE Selected.System.Management.Automation.PSCustomObject
"groupType","name","member","whenChanged"
"-2147483644","DHCP Users","","20240418091257.0Z"
"-2147483644","DHCP Administrators","","20240418091257.0Z"
"-2147483643","Administrators","CN=Geog Gearløs,OU=Administrator,OU=Afdelinger,DC=andeby,DC=local;CN=Domain Admins,CN=Users,DC=andeby,DC=local;CN=Enterprise Admins,CN=Users,DC=andeby,DC=local;CN=Administrator,CN=Users,DC=andeby,DC=local","20240418094935.0Z"
"-2147483643","Users","CN=Domain Users,CN=Users,DC=andeby,DC=local;CN=S-1-5-11,CN=ForeignSecurityPrincipals,DC=andeby,DC=local;CN=S-1-5-4,CN=ForeignSecurityPrincipals,DC=andeby,DC=local","20240418091336.0Z"
"-2147483643","Guests","CN=Domain Guests,CN=Users,DC=andeby,DC=local;CN=Guest,CN=Users,DC=andeby,DC=local","20240418091336.0Z"
"-2147483643","Print Operators","","20240418092845.0Z"
"-2147483643","Backup Operators","","20240418092845.0Z"
"-2147483643","Replicator","","20240418092845.0Z"
"-2147483643","Remote Desktop Users","","20240418121731.0Z"
"-2147483643","Network Configuration Operators","","20240418091257.0Z"
"-2147483643","Performance Monitor Users","","20240418091257.0Z"
"-2147483643","Performance Log Users","","20240418091257.0Z"
"-2147483643","Distributed COM Users","","20240418091257.0Z"
"-2147483643","IIS_IUSRS","CN=S-1-5-17,CN=ForeignSecurityPrincipals,DC=andeby,DC=local","20240418091257.0Z"
"-2147483643","Cryptographic Operators","","20240418091257.0Z"
"-2147483643","Event Log Readers","","20240418091257.0Z"
"-2147483643","Certificate Service DCOM Access","","20240418091257.0Z"
"-2147483643","RDS Remote Access Servers","","20240418091257.0Z"
"-2147483643","RDS Endpoint Servers","","20240418091257.0Z"
"-2147483643","RDS Management Servers","","20240418091257.0Z"
"-2147483643","Hyper-V Administrators","","20240418091257.0Z"
"-2147483643","Access Control Assistance Operators","","20240418091257.0Z"
"-2147483643","Remote Management Users","","20240418091257.0Z"
"-2147483643","Storage Replica Administrators","","20240418091257.0Z"
"-2147483646","Domain Computers","","20240418091336.0Z"
"-2147483646","Domain Controllers","","20240418092845.0Z"
"-2147483640","Schema Admins","CN=Administrator,CN=Users,DC=andeby,DC=local","20240418092845.0Z"
"-2147483640","Enterprise Admins","CN=Administrator,CN=Users,DC=andeby,DC=local","20240418092845.0Z"
"-2147483644","Cert Publishers","","20240418091336.0Z"
"-2147483646","Domain Admins","CN=Geog Gearløs,OU=Administrator,OU=Afdelinger,DC=andeby,DC=local;CN=Administrator,CN=Users,DC=andeby,DC=local","20240418100702.0Z"
"-2147483646","Domain Users","","20240418091336.0Z"
"-2147483646","Domain Guests","","20240418091336.0Z"
"-2147483646","Group Policy Creator Owners","CN=Administrator,CN=Users,DC=andeby,DC=local","20240418091336.0Z"
"-2147483644","RAS and IAS Servers","","20240418091336.0Z"
"-2147483643","Server Operators","","20240418092845.0Z"
"-2147483643","Account Operators","","20240418092845.0Z"
"-2147483643","Pre-Windows 2000 Compatible Access","CN=S-1-5-11,CN=ForeignSecurityPrincipals,DC=andeby,DC=local","20240418091336.0Z"
"-2147483643","Incoming Forest Trust Builders","","20240418091336.0Z"
"-2147483643","Windows Authorization Access Group","CN=S-1-5-9,CN=ForeignSecurityPrincipals,DC=andeby,DC=local","20240418091336.0Z"
"-2147483643","Terminal Server License Servers","","20240418091336.0Z"
"-2147483644","Allowed RODC Password Replication Group","","20240418091336.0Z"
"-2147483644","Denied RODC Password Replication Group","CN=Read-only Domain Controllers,CN=Users,DC=andeby,DC=local;CN=Group Policy Creator Owners,CN=Users,DC=andeby,DC=local;CN=Domain Admins,CN=Users,DC=andeby,DC=local;CN=Cert Publishers,CN=Users,DC=andeby,DC=local;CN=Enterprise Admins,CN=Users,DC=andeby,DC=local;CN=Schema Admins,CN=Users,DC=andeby,DC=local;CN=Domain Controllers,CN=Users,DC=andeby,DC=local;CN=krbtgt,CN=Users,DC=andeby,DC=local","20240418091336.0Z"
"-2147483646","Read-only Domain Controllers","","20240418092845.0Z"
"-2147483640","Enterprise Read-only Domain Controllers","","20240418091336.0Z"
"-2147483646","Cloneable Domain Controllers","","20240418091336.0Z"
"-2147483646","Protected Users","","20240418091336.0Z"
"-2147483646","Key Admins","","20240418092845.0Z"
"-2147483640","Enterprise Key Admins","","20240418092845.0Z"
"-2147483644","DnsAdmins","","20240418091416.0Z"
"-2147483646","DnsUpdateProxy","","20240418091416.0Z"
"-2147483646","G_Direktion","CN=Joakim Von And,OU=Direktion,OU=Laverer sektor,OU=Afdelinger,DC=andeby,DC=local","20240418111714.0Z"
"-2147483646","G_Indkøb","CN=Anders And,OU=Indkøb,OU=Laverer sektor,OU=Afdelinger,DC=andeby,DC=local","20240418111745.0Z"
"-2147483646","G_IT","CN=Geog Gearløs,OU=IT,OU=Laverer sektor,OU=Afdelinger,DC=andeby,DC=local","20240418111816.0Z"
"-2147483646","G_Regnskab","CN=Andersine And,OU=Regnskab,OU=Laverer sektor,OU=Afdelinger,DC=andeby,DC=local","20240418111853.0Z"
"-2147483646","G_Salg","CN=Højben And,OU=Salg,OU=Laverer sektor,OU=Afdelinger,DC=andeby,DC=local","20240418111916.0Z"
"-2147483646","G_Studentermdhjælper","CN=Rylle And,OU=Studentermedhjælper,OU=Laverer sektor,OU=Afdelinger,DC=andeby,DC=local;CN=Pylle And,OU=Studentermedhjælper,OU=Laverer sektor,OU=Afdelinger,DC=andeby,DC=local;CN=Kylle And,OU=Studentermedhjælper,OU=Laverer sektor,OU=Afdelinger,DC=andeby,DC=local","20240418112017.0Z"
"-2147483644","DL_Direktion_M","CN=G_Direktion,OU=Direktion,OU=Laverer sektor,OU=Afdelinger,DC=andeby,DC=local","20240418112142.0Z"
"-2147483644","DL_Direktion_R","CN=G_Regnskab,OU=Regnskab,OU=Laverer sektor,OU=Afdelinger,DC=andeby,DC=local","20240418114235.0Z"
"-2147483644","DL_Indkøb_M","CN=G_Indkøb,OU=Indkøb,OU=Laverer sektor,OU=Afdelinger,DC=andeby,DC=local","20240418112346.0Z"
"-2147483646","DL_Indkøb_R","CN=G_Regnskab,OU=Regnskab,OU=Laverer sektor,OU=Afdelinger,DC=andeby,DC=local","20240418114235.0Z"
"-2147483644","DL_IT_M","CN=G_IT,OU=IT,OU=Laverer sektor,OU=Afdelinger,DC=andeby,DC=local","20240418112430.0Z"
"-2147483644","DL_IT_R","CN=G_Regnskab,OU=Regnskab,OU=Laverer sektor,OU=Afdelinger,DC=andeby,DC=local","20240418114235.0Z"
"-2147483644","DL_Regnskab_M","CN=G_Regnskab,OU=Regnskab,OU=Laverer sektor,OU=Afdelinger,DC=andeby,DC=local","20240418112532.0Z"
"-2147483644","DL_Regnskab_R","CN=G_Direktion,OU=Direktion,OU=Laverer sektor,OU=Afdelinger,DC=andeby,DC=local","20240418114255.0Z"
"-2147483644","DL_Salg_R","CN=G_Regnskab,OU=Regnskab,OU=Laverer sektor,OU=Afdelinger,DC=andeby,DC=local","20240418114235.0Z"
"-2147483644","DL_Salg_M","CN=G_Salg,OU=Salg,OU=Laverer sektor,OU=Afdelinger,DC=andeby,DC=local","20240418112640.0Z"
"-2147483644","DL_Studentermedhjælper_R","CN=G_Regnskab,OU=Regnskab,OU=Laverer sektor,OU=Afdelinger,DC=andeby,DC=local","20240418114235.0Z"
"-2147483644","DL_Studentermedhjælper_M","CN=G_Studentermdhjælper,OU=Studentermedhjælper,OU=Laverer sektor,OU=Afdelinger,DC=andeby,DC=local","20240418112738.0Z"
